Nazwa, Cena zestawu, Iloœæ, Cena na sztukê
ZESTAW EKSPRESÓW LITEWIRE 16CM 3-PAK-LIGHT GRAY,231.99 z³,3,77.33
ZESTAW EKSPRESÓW MINIWIRE ALPINE 60CM 3-PAK,271.99 z³,3,90.66
ZESTAW EKSPRESÓW HOTWIRE 12CM 6-PAK,367.99 z³,6,61.33
ZESTAW EKSPRESÓW LITEWIRE 12CM 6-PAK,383.99 z³,6,64.0
ZESTAW 6 EKSPRESÓW LIME PAD 12CM SREBRNY,397.49 z³,6,66.25
ZESTAW 6 EKSPRESÓW LIME DYNEEMA 12CM SREBRNY,412.99 z³,6,68.83
ZESTAW EKSPRESÓW HOTFORGE HYBRID 12CM 6-PAK - BLUE,423.99 z³,6,70.67
ZESTAW EKSPRESÓW HOTFORGE HYBRID 12CM 6-PAK - ULTRA PINK,423.99 z³,6,70.67
ZESTAW EKSPRESÓW SESSION 12 CM 6-PAK-HERITAGE,439.99 z³,6,73.33
ZESTAW EKSPRESÓW SESSION 12 CM 6-PAK,450.49 z³,6,75.08
ZESTAW EKSPRESÓW HOTFORGE 12CM 6-PAK,463.99 z³,6,77.33
ZESTAW EKSPRESÓW MINIWIRE 12CM 6-PAK,463.99 z³,6,77.33
ZESTAW EKSPRESÓW WILDWIRE 10CM 6-PAK,538.99 z³,6,89.83
ZESTAW EKSPRESÓW ELECTRON SPORT DRAW 12CM 6-PAK,685.99 z³,6,114.33
